Periodo;2T2021;AH %;AV %;1T2021;AH %;AV %;4T2020;AH %;AV %;3T2020;AH %;AV %;2T2020;AH %;AV %;1T2020;AH %;AV %;4T2019;AH %;AV %;3T2019;AH %;AV %;2T2019;AH %;AV %;1T2019;AH %;AV %;4T2018;AH %;AV %;3T2018;AH %;AV %;2T2018;AH %;AV %;1T2018;AH %;AV %;4T2017;AH %;AV %;3T2017;AH %;AV %;2T2017;AH %;AV %;1T2017;AH %;AV %;4T2016;AH %;AV %;3T2016;AH %;AV %;2T2016;AH %;AV %;1T2016;AH %;AV %;4T2015;AH %;AV %;3T2015;AH %;AV %;2T2015;AH %;AV %;1T2015;AH %;AV %;4T2014;AH %;AV %;3T2014;AH %;AV %;2T2014;AH %;AV %;1T2014;AH %;AV %;4T2013;AH %;AV %;3T2013;AH %;AV %;2T2013;AH %;AV %;1T2013;AH %;AV %;4T2012;AH %;AV %;3T2012;AH %;AV %;2T2012;AH %;AV %;1T2012;AH %;AV %;4T2011;AH %;AV %;3T2011;AH %;AV %;2T2011;AH %;AV %;1T2011;AH %;AV %;4T2010;AH %;AV %;3T2010;AH %;AV %;2T2010;AH %;AV %;1T2010;AV %
Receita Líquida (R$);19130,12 M;17,05%;100,00%;16342,98 M;19,99%;100,00%;13620,18 M;11,44%;100,00%;12222,11 M;39,76%;100,00%;8744,83 M;5,23%;100,00%;9227,54 M;3,21%;100,00%;9533,47 M;4,00%;100,00%;9930,83 M;2,20%;100,00%;10154,05 M;1,28%;100,00%;10025,66 M;8,02%;100,00%;10899,70 M;15,08%;100,00%;12835,62 M;6,65%;100,00%;12035,36 M;15,85%;100,00%;10388,80 M;5,83%;100,00%;9816,90 M;3,60%;100,00%;9476,20 M;3,39%;100,00%;9165,85 M;8,36%;100,00%;8458,66 M;1,87%;100,00%;8619,63 M;0,91%;100,00%;8698,75 M;15,12%;100,00%;10248,78 M;1,63%;100,00%;10084,51 M;3,49%;100,00%;10449,13 M;12,38%;100,00%;11925,35 M;10,84%;100,00%;10759,39 M;2,99%;100,00%;10447,38 M;3,66%;100,00%;10843,80 M;1,29%;100,00%;10705,95 M;2,52%;100,00%;10442,82 M;1,05%;100,00%;10553,78 M;2,26%;100,00%;10321,00 M;1,65%;100,00%;10494,03 M;6,19%;100,00%;9882,46 M;7,82%;100,00%;9165,56 M;1,98%;100,00%;8987,70 M;8,47%;100,00%;9819,09 M;1,57%;100,00%;9975,43 M;8,44%;100,00%;9199,44 M;1,47%;100,00%;9065,80 M;1,10%;100,00%;8967,32 M;0,47%;100,00%;9009,87 M;7,72%;100,00%;8363,79 M;7,23%;100,00%;7799,84 M;4,76%;100,00%;8190,03 M;1,27%;100,00%;8295,75 M;16,72%;100,00%;7107,59 M;100,00%
Custos (R$);013715,93 M;9,32%;71,70%;012546,08 M;14,47%;76,77%;010959,98 M;4,13%;80,47%;010525,27 M;31,13%;86,12%;08026,77 M;4,12%;91,79%;08372,08 M;5,47%;90,73%;08856,92 M;0,99%;92,90%;08945,66 M;0,72%;90,08%;08881,50 M;1,43%;87,47%;08756,65 M;8,75%;87,34%;09596,15 M;12,55%;88,04%;010973,60 M;5,61%;85,49%;010390,66 M;14,82%;86,33%;09049,70 M;3,10%;87,11%;08777,35 M;3,24%;89,41%;08501,72 M;3,31%;89,72%;08229,14 M;5,44%;89,78%;07804,78 M;3,63%;92,27%;08098,34 M;5,83%;93,95%;07652,29 M;16,51%;87,97%;09165,47 M;1,15%;89,43%;09271,83 M;4,04%;91,94%;09662,58 M;9,82%;92,47%;010714,44 M;11,87%;89,85%;09577,98 M;2,60%;89,02%;09335,52 M;2,34%;89,36%;09559,07 M;1,37%;88,15%;09430,09 M;2,73%;88,08%;09179,15 M;0,64%;87,90%;09238,02 M;2,97%;87,53%;08971,34 M;0,13%;86,92%;08959,64 M;4,91%;85,38%;08540,14 M;3,42%;86,42%;08257,34 M;3,61%;90,09%;07969,26 M;7,56%;88,67%;08621,39 M;0,83%;87,80%;08550,56 M;5,66%;85,72%;08092,90 M;2,90%;87,97%;07864,56 M;3,10%;86,75%;07628,29 M;0,29%;85,07%;07606,32 M;5,66%;84,42%;07199,06 M;5,08%;86,07%;06851,09 M;0,16%;87,84%;06840,35 M;5,53%;83,52%;06481,76 M;13,71%;78,13%;05700,28 M;80,20%
Lucro Bruto (R$);5414,19 M;42,59%;28,30%;3796,91 M;42,73%;23,23%;2660,20 M;56,77%;19,53%;1696,84 M;136,31%;13,88%;718,07 M;16,06%;8,21%;855,46 M;26,45%;9,27%;676,54 M;31,33%;7,10%;985,17 M;22,58%;9,92%;1272,56 M;0,28%;12,53%;1269,01 M;2,65%;12,66%;1303,56 M;29,99%;11,96%;1862,02 M;13,21%;14,51%;1644,70 M;22,82%;13,67%;1339,10 M;28,82%;12,89%;1039,55 M;6,68%;10,59%;974,48 M;4,03%;10,28%;936,71 M;43,25%;10,22%;653,89 M;25,44%;7,73%;521,29 M;50,19%;6,05%;1046,46 M;3,40%;12,03%;1083,30 M;33,30%;10,57%;812,68 M;3,32%;8,06%;786,55 M;35,04%;7,53%;1210,90 M;2,50%;10,15%;1181,41 M;6,26%;10,98%;1111,85 M;13,46%;10,64%;1284,73 M;0,70%;11,85%;1275,86 M;0,96%;11,92%;1263,67 M;3,96%;12,10%;1315,75 M;2,51%;12,47%;1349,65 M;12,04%;13,08%;1534,39 M;14,31%;14,62%;1342,32 M;47,80%;13,58%;908,22 M;10,82%;9,91%;1018,45 M;14,97%;11,33%;1197,70 M;15,94%;12,20%;1424,87 M;28,77%;14,28%;1106,55 M;7,88%;12,03%;1201,24 M;10,29%;13,25%;1339,03 M;4,60%;14,93%;1403,55 M;20,50%;15,58%;1164,73 M;22,76%;13,93%;948,76 M;29,71%;12,16%;1349,68 M;25,60%;16,48%;1813,99 M;28,90%;21,87%;1407,31 M;19,80%
Despesas/Receitas Operacionais  (R$);148,51 M;162,13%;0,78%;0239,02 M;152,27%;1,46%;094,75 M;70,12%;0,70%;0317,09 M;649,35%;2,59%;57,72 M;115,11%;0,66%;0382,05 M;249,82%;4,14%;0109,21 M;61,50%;1,15%;0283,71 M;18,34%;2,86%;0347,42 M;24,52%;3,42%;0279,01 M;58,45%;2,78%;0671,48 M;13,70%;6,16%;0590,57 M;27,13%;4,60%;0464,53 M;23,68%;3,86%;0375,58 M;82,98%;3,62%;02206,77 M;459,98%;22,48%;0394,08 M;13,70%;4,16%;0456,62 M;182,58%;4,98%;552,92 M;116,35%;6,54%;03380,93 M;646,19%;39,22%;0453,09 M;30,76%;5,21%;0654,42 M;6,99%;6,39%;0611,65 M;83,78%;6,07%;03771,47 M;51,79%;36,09%;02484,68 M;298,53%;20,84%;0623,46 M;0,50%;5,79%;0626,61 M;85,22%;6,00%;0338,30 M;44,27%;3,12%;0607,05 M;4,27%;5,67%;0634,10 M;4,15%;6,07%;0661,57 M;22,20%;6,27%;0541,38 M;16,55%;5,25%;0648,74 M;4,16%;6,18%;0622,85 M;9,81%;6,30%;0567,18 M;4,35%;6,19%;0593,00 M;5,87%;6,60%;0629,95 M;1,59%;6,42%;0640,12 M;19,36%;6,42%;0536,30 M;15,16%;5,83%;0632,11 M;12,54%;6,97%;0561,67 M;6,86%;6,26%;0525,60 M;3,03%;5,83%;0510,16 M;86,15%;6,10%;0274,06 M;51,84%;3,51%;0569,00 M;0,48%;6,95%;0566,30 M;21,57%;6,83%;0465,83 M;6,55%
EBITDA  (R$);5956,21 M;46,79%;31,14%;4057,76 M;27,82%;24,83%;3174,61 M;62,36%;23,31%;1955,35 M;40,53%;16,00%;1391,41 M;36,47%;15,91%;1019,55 M;8,10%;11,05%;1109,38 M;7,82%;11,64%;1203,45 M;17,12%;12,12%;1451,98 M;2,93%;14,30%;1495,80 M;28,42%;14,92%;1164,80 M;33,41%;10,69%;1749,28 M;6,88%;13,63%;1636,72 M;15,50%;13,60%;1417,04 M;321,01%;13,64%;0641,16 M;158,56%;6,53%;1094,84 M;8,80%;11,55%;1006,27 M;42,00%;10,98%;1734,86 M;179,38%;20,51%;02185,57 M;288,48%;25,36%;1159,57 M;10,84%;13,33%;1046,19 M;18,59%;10,21%;882,21 M;139,06%;8,75%;02258,58 M;271,48%;21,62%;0607,99 M;151,34%;5,10%;1184,26 M;8,80%;11,01%;1088,51 M;33,03%;10,42%;1625,36 M;32,77%;14,99%;1224,23 M;4,65%;11,44%;1169,80 M;2,18%;11,20%;1195,84 M;11,45%;11,33%;1350,44 M;4,45%;13,08%;1413,33 M;18,20%;13,47%;1195,66 M;48,50%;12,10%;805,16 M;10,21%;8,78%;896,70 M;13,18%;9,98%;1032,80 M;16,97%;10,52%;1243,85 M;23,37%;12,47%;1008,20 M;3,75%;10,96%;1047,43 M;13,77%;11,55%;1214,71 M;7,19%;13,55%;1308,83 M;18,75%;14,53%;1102,13 M;5,53%;13,18%;1166,65 M;7,80%;14,96%;1265,35 M;26,42%;15,45%;1719,77 M;22,73%;20,73%;1401,23 M;19,71%
Amortização/Depreciação;0630,50 M;2,83%;3,30%;0648,83 M;5,12%;3,97%;0683,84 M;5,68%;5,02%;0647,11 M;5,82%;5,29%;0611,53 M;9,86%;6,99%;0556,63 M;3,14%;6,03%;0539,67 M;7,51%;5,66%;0501,99 M;4,72%;5,05%;0526,84 M;4,16%;5,19%;0505,80 M;0,37%;5,05%;0503,93 M;5,46%;4,62%;0477,83 M;4,66%;3,72%;0456,55 M;0,67%;3,79%;0453,52 M;13,43%;4,37%;0523,88 M;1,83%;5,34%;0514,44 M;2,23%;5,43%;0526,18 M;0,36%;5,74%;0528,06 M;21,33%;6,24%;0671,26 M;18,56%;7,79%;0566,20 M;8,28%;6,51%;0617,30 M;9,38%;6,02%;0681,19 M;3,66%;6,75%;0707,04 M;5,32%;6,77%;0671,29 M;7,18%;5,63%;0626,31 M;3,82%;5,82%;0603,27 M;2,24%;5,77%;0590,07 M;6,24%;5,44%;0555,42 M;2,81%;5,19%;0540,24 M;0,26%;5,17%;0541,66 M;3,53%;5,13%;0561,50 M;6,41%;5,44%;0527,69 M;10,81%;5,03%;0476,20 M;2,60%;4,82%;0464,12 M;0,28%;5,06%;0465,42 M;0,08%;5,18%;0465,04 M;1,29%;4,74%;0459,10 M;4,83%;4,60%;0437,95 M;3,98%;4,76%;0456,09 M;4,29%;5,03%;0437,35 M;1,50%;4,88%;0430,87 M;3,73%;4,78%;0447,56 M;6,09%;5,35%;0476,57 M;1,67%;6,11%;0484,66 M;2,66%;5,92%;0472,09 M;2,68%;5,69%;0459,75 M;6,47%
EBIT  (R$);5562,69 M;56,35%;29,08%;3557,89 M;38,68%;21,77%;2565,45 M;85,94%;18,84%;1379,74 M;77,85%;11,29%;775,79 M;63,87%;8,87%;473,41 M;16,55%;5,13%;567,33 M;19,12%;5,95%;701,46 M;24,18%;7,06%;925,14 M;6,55%;9,11%;990,00 M;56,63%;9,87%;632,08 M;50,29%;5,80%;1271,45 M;7,73%;9,91%;1180,17 M;22,49%;9,81%;963,52 M;182,55%;9,27%;01167,22 M;301,11%;11,89%;580,40 M;20,89%;6,12%;480,09 M;60,22%;5,24%;1206,81 M;142,20%;14,27%;02859,64 M;581,93%;33,18%;593,37 M;38,35%;6,82%;428,89 M;113,35%;4,18%;201,03 M;106,73%;1,99%;02984,93 M;134,34%;28,57%;01273,78 M;328,30%;10,68%;557,95 M;14,98%;5,19%;485,24 M;48,73%;4,64%;946,43 M;41,51%;8,73%;668,81 M;6,23%;6,25%;629,57 M;3,76%;6,03%;654,18 M;19,06%;6,20%;808,27 M;8,74%;7,83%;885,64 M;23,10%;8,44%;719,47 M;110,97%;7,28%;341,04 M;19,84%;3,72%;425,45 M;25,06%;4,73%;567,75 M;27,65%;5,78%;784,75 M;37,62%;7,87%;570,25 M;0,20%;6,20%;569,12 M;26,79%;6,28%;777,36 M;11,46%;8,67%;877,96 M;34,13%;9,74%;654,57 M;2,98%;7,83%;674,70 M;13,58%;8,65%;780,69 M;37,43%;9,53%;1247,69 M;32,52%;15,04%;941,48 M;13,25%
Resultado não operacional  (R$);0;0;0;0;0,00%;0;0;0,00%;0;0;0,00%;0;0;0,00%;0;0;0,00%;0;0;0,00%;0;0;0,00%;0;0;0,00%;0;0;0,00%;0;0;0,00%;0;0;0,00%;0;0;0,00%;0;0;0,00%;0;0;0,00%;0;0;0,00%;0;0;0,00%;0;0;0,00%;0;0;0,00%;0;0;0,00%;0;0;0,00%;0;0;0,00%;0;0;0,00%;0;0;0,00%;0;0;0,00%;0;0;0,00%;0;0;0,00%;0;0;0,00%;0;0;0,00%;0;0;0,00%;0;0;0,00%;0;0;0,00%;0;0;0,00%;0;0;0,00%;0;0;0,00%;0;0;0,00%;0;0;0,00%;0;0;0,00%;0;0;0,00%;0;0;0,00%;0;0;0,00%;0;0;0,00%;0;0;0,00%;0;0;0,00%;0;0;0,00%;0;0;0
Resultado Financeiro  (R$);57,88 M;121,38%;0,30%;0270,72 M;67,55%;1,66%;0834,18 M;175,00%;6,12%;0303,34 M;8,06%;2,48%;0329,93 M;42,66%;3,77%;0231,27 M;14,92%;2,51%;0271,82 M;51,67%;2,85%;0562,40 M;87,30%;5,66%;0300,27 M;19,87%;2,96%;0374,73 M;4,42%;3,74%;0392,05 M;11,20%;3,60%;0441,51 M;38,13%;3,44%;0713,66 M;108,33%;5,93%;0342,56 M;21,79%;3,30%;0438,03 M;72,40%;4,46%;0254,08 M;49,68%;2,68%;0504,96 M;1040,05%;5,51%;53,72 M;111,57%;0,64%;0464,09 M;6,64%;5,38%;0497,08 M;2090,53%;5,71%;022,69 M;158,79%;0,22%;38,60 M;109,84%;0,38%;0392,11 M;71,61%;3,75%;01381,34 M;567,69%;11,58%;0206,88 M;76,98%;1,92%;0898,57 M;33,36%;8,60%;0673,79 M;17,20%;6,21%;0574,90 M;172,67%;5,37%;0210,84 M;107,79%;2,02%;0101,47 M;71,45%;0,96%;0355,36 M;72,37%;3,44%;0206,16 M;62,38%;1,96%;0548,06 M;185,15%;5,55%;0192,20 M;13,57%;2,10%;0222,38 M;66,03%;2,47%;0133,94 M;60,03%;1,36%;0335,09 M;244,25%;3,36%;097,34 M;18,73%;1,06%;081,98 M;40,59%;0,90%;058,32 M;73,09%;0,65%;0216,70 M;26,47%;2,41%;0171,34 M;6,72%;2,05%;0183,69 M;47078,26%;2,35%;0,39 M;100,15%;0,00%;0255,22 M;3,41%;3,08%;0246,80 M;3,47%
Impostos  (R$);01686,10 M;106,47%;8,81%;0816,64 M;21,08%;5,00%;0674,48 M;139,33%;4,95%;0281,82 M;115,90%;2,31%;0130,53 M;527,77%;1,49%;020,79 M;89,24%;0,23%;0193,31 M;228,67%;2,03%;150,24 M;159,59%;1,51%;0252,12 M;55,01%;2,48%;0162,64 M;209,05%;1,62%;149,14 M;478,31%;1,37%;039,42 M;117,01%;0,31%;231,78 M;234,33%;1,93%;0172,55 M;177,84%;1,66%;221,67 M;222,15%;2,26%;0181,47 M;278,99%;1,92%;101,38 M;123,20%;1,11%;0436,98 M;275,32%;5,17%;249,25 M;22002,28%;2,89%;01,14 M;99,65%;0,01%;0326,99 M;45,04%;3,19%;0225,44 M;208,63%;2,24%;207,52 M;70,22%;1,99%;696,81 M;904,68%;5,84%;086,60 M;112,72%;0,80%;680,69 M;465,56%;6,52%;120,36 M;28,38%;1,11%;168,04 M;761,96%;1,57%;025,39 M;77,46%;0,24%;0112,62 M;391,04%;1,07%;38,70 M;202,16%;0,37%;037,88 M;116,50%;0,36%;229,54 M;2045,62%;2,32%;10,70 M;117,71%;0,12%;060,41 M;137,86%;0,67%;025,40 M;125,69%;0,26%;98,88 M;229,61%;0,99%;076,29 M;390,72%;0,83%;015,55 M;172,80%;0,17%;05,70 M;96,39%;0,06%;0158,06 M;114,22%;1,75%;073,79 M;3,40%;0,88%;071,36 M;58,53%;0,91%;0172,07 M;26,06%;2,10%;0136,49 M;11,93%;1,65%;0121,94 M;1,72%
Lucro Líquido  (R$);3934,48 M;59,26%;20,57%;2470,54 M;133,78%;15,12%;1056,80 M;33,00%;7,76%;794,59 M;151,99%;6,50%;315,32 M;42,45%;3,61%;221,35 M;116,57%;2,40%;102,21 M;64,67%;1,07%;289,31 M;22,39%;2,91%;372,75 M;17,65%;3,67%;452,63 M;16,31%;4,51%;389,17 M;50,77%;3,57%;790,52 M;13,21%;6,16%;698,29 M;55,73%;5,80%;448,41 M;132,41%;4,32%;01383,58 M;1055,16%;14,09%;144,85 M;89,31%;1,53%;76,52 M;90,71%;0,83%;823,54 M;126,79%;9,74%;03074,48 M;3331,09%;35,67%;95,15 M;20,13%;1,09%;79,21 M;458,36%;0,77%;14,19 M;100,45%;0,14%;03169,52 M;61,85%;30,33%;01958,30 M;840,45%;16,42%;264,47 M;1,08%;2,46%;267,36 M;31,97%;2,56%;392,99 M;50,03%;3,62%;261,95 M;33,40%;2,45%;393,34 M;10,62%;3,77%;440,09 M;10,48%;4,17%;491,61 M;23,38%;4,76%;641,61 M;60,02%;6,11%;400,95 M;151,32%;4,06%;159,54 M;11,83%;1,74%;142,66 M;65,07%;1,59%;408,42 M;25,55%;4,16%;548,55 M;38,31%;5,50%;396,62 M;15,90%;4,31%;471,59 M;33,89%;5,20%;713,35 M;41,76%;7,95%;503,20 M;22,90%;5,58%;409,44 M;2,43%;4,90%;419,66 M;31,09%;5,38%;609,01 M;28,85%;7,44%;855,97 M;49,45%;10,32%;572,74 M;8,06%
Lucro atribuído a Controladora;3916,55 M;59,77%;0;2451,34 M;133,83%;0;1048,33 M;33,45%;0;785,54 M;149,16%;0;315,27 M;45,54%;0;216,63 M;117,56%;0;99,57 M;65,14%;0;285,63 M;22,71%;0;369,54 M;17,70%;0;449,00 M;17,13%;0;383,34 M;51,16%;0;784,91 M;13,00%;0;694,59 M;57,49%;0;441,03 M;131,85%;0;01384,50 M;1127,27%;0;134,77 M;79,64%;0;75,02 M;90,80%;0;815,34 M;126,61%;0;03064,44 M;3436,21%;0;91,85 M;25,69%;0;73,08 M;740,46%;0;8,70 M;100,28%;0;03157,18 M;62,49%;0;01942,95 M;860,07%;0;255,63 M;12,77%;0;293,06 M;26,18%;0;396,97 M;57,39%;0;252,22 M;29,24%;0;356,46 M;10,26%;0;397,22 M;11,75%;0;450,09 M;24,36%;0;595,06 M;52,43%;0;390,39 M;163,43%;0;148,19 M;13,10%;0;131,02 M;66,33%;0;389,18 M;27,37%;0;535,85 M;44,98%;0;369,59 M;15,77%;0;438,80 M;37,95%;0;707,13 M;50,77%;0;469,00 M;20,01%;0;390,80 M;5,90%;0;369,02 M;31,17%;0;536,14 M;26,86%;0;733,06 M;45,37%;0;504,27 M;0
Lucro atribuído a Não Controladores;17,93 M;6,62%;0;19,20 M;126,62%;0;8,47 M;6,34%;0;9,04 M;17633,33%;0;51,00 K;98,92%;0;4,73 M;79,25%;0;2,64 M;28,29%;0;3,68 M;14,30%;0;3,22 M;11,23%;0;3,62 M;37,79%;0;5,82 M;3,87%;0;5,61 M;51,50%;0;3,70 M;49,86%;0;7,38 M;705,02%;0;0,92 M;90,90%;0;10,08 M;574,63%;0;1,49 M;81,79%;0;8,20 M;181,71%;0;010,04 M;404,30%;0;3,30 M;46,19%;0;6,13 M;11,66%;0;5,49 M;144,50%;0;012,34 M;19,62%;0;015,35 M;273,56%;0;8,85 M;134,42%;0;025,70 M;545,92%;0;03,98 M;140,90%;0;9,73 M;73,62%;0;36,88 M;13,96%;0;42,87 M;3,26%;0;41,51 M;10,82%;0;46,55 M;340,55%;0;10,57 M;6,85%;0;11,34 M;2,54%;0;11,64 M;39,51%;0;19,24 M;51,50%;0;12,70 M;53,01%;0;27,03 M;17,58%;0;32,79 M;427,20%;0;6,22 M;81,81%;0;34,20 M;83,52%;0;18,64 M;63,19%;0;50,63 M;30,51%;0;72,87 M;40,72%;0;122,91 M;79,49%;0;68,48 M;0
CAPEX  (R$);0;0,00%;0;0;0,00%;0;0;0,00%;0;0;0,00%;0;0;0,00%;0;0;0,00%;0;0;0,00%;0;0;0,00%;0;0;0,00%;0;0;0,00%;0;0;0,00%;0;0;0,00%;0;0;0,00%;0;0;0,00%;0;0;0,00%;0;0;0,00%;0;0;0,00%;0;0;0,00%;0;0;0,00%;0;0;0,00%;0;0;0,00%;0;0;0,00%;0;0;0,00%;0;0;0,00%;0;0;0,00%;0;0;0,00%;0;0;0,00%;0;0;0,00%;0;0;0,00%;0;0;0,00%;0;0;0,00%;0;0;0,00%;0;0;0,00%;0;0;0,00%;0;0;0,00%;0;0;0,00%;0;0;0,00%;0;0;0,00%;0;0;0,00%;0;0;0,00%;0;0;0,00%;0;0;0,00%;0;0;0,00%;0;0;0,00%;0;0;0,00%;0;0;0
Dívida Bruta  (R$);15806,16 M;11,03%;0;17765,24 M;1,43%;0;17515,35 M;10,37%;0;19540,96 M;6,85%;0;20977,09 M;4,73%;0;20029,43 M;24,80%;0;16049,87 M;3,59%;0;15493,61 M;5,59%;0;14673,89 M;2,13%;0;14993,03 M;0,58%;0;14906,71 M;18,06%;0;18192,64 M;0,43%;0;18115,35 M;8,35%;0;16719,35 M;1,27%;0;16509,58 M;11,59%;0;18673,93 M;6,46%;0;19964,28 M;1,34%;0;19700,96 M;4,29%;0;20583,23 M;2,44%;0;21098,18 M;2,05%;0;20674,05 M;12,71%;0;23683,91 M;10,49%;0;26460,86 M;4,07%;0;27583,29 M;22,24%;0;22565,65 M;3,08%;0;23282,23 M;19,26%;0;19521,49 M;5,72%;0;18465,28 M;10,48%;0;16713,73 M;0,27%;0;16759,39 M;0,31%;0;16706,78 M;5,80%;0;15791,37 M;0,85%;0;15658,56 M;4,79%;0;14942,77 M;1,87%;0;14668,56 M;2,00%;0;14967,67 M;0,51%;0;14891,57 M;10,63%;0;13461,17 M;1,63%;0;13683,53 M;1,18%;0;13523,67 M;13,57%;0;11907,52 M;16,35%;0;14234,82 M;2,97%;0;14670,00 M;0%;0;0;0,00%;0;0;0,00%;0;0;0
Dívida Líquida  (R$);0;0,00%;0;0;0,00%;0;0;0,00%;0;0;0,00%;0;0;0,00%;0;0;0,00%;0;0;0,00%;0;0;0,00%;0;0;0,00%;0;0;0,00%;0;0;0,00%;0;0;0,00%;0;0;0,00%;0;0;0,00%;0;0;0,00%;0;0;0,00%;0;0;0,00%;0;0;0,00%;0;0;0,00%;0;0;0,00%;0;0;0,00%;0;0;0,00%;0;0;0,00%;0;0;0,00%;0;0;0,00%;0;0;0,00%;0;0;0,00%;0;0;0,00%;0;0;0,00%;0;0;0,00%;0;0;0,00%;0;0;0,00%;0;0;0,00%;0;0;0,00%;0;0;0,00%;0;0;0,00%;0;0;0,00%;0;0;0,00%;0;0;0,00%;0;0;0,00%;0;0;0,00%;0;0;0,00%;0;0;0,00%;0;0;0,00%;0;0;0,00%;0;0;0
ROE  (%);0;0,00%;0;0;0,00%;0;0;0,00%;0;0;0,00%;0;0;0,00%;0;0;0,00%;0;0;0,00%;0;0;0,00%;0;0;0,00%;0;1,71;0%;0;0;0,00%;0;2,95;8,46%;0;2,72;46,24%;0;1,86;0%;0;0;0,00%;0;0,58;93,33%;0;0,3;90,94%;0;3,31;0%;0;0;0,00%;0;0,34;17,24%;0;0,29;480,00%;0;0,05;0%;0;0;0,00%;0;5,44;825,33%;0;0,75;2,74%;0;0,73;0%;0;0;0,00%;0;0,79;36,29%;0;1,24;10,79%;0;1,39;0%;0;0;0,00%;0;2,06;56,06%;0;1,32;135,71%;0;0,56;0%;0;0;0,00%;0;1,41;26,94%;0;1,93;30,41%;0;1,48;0%;0;0;0,00%;0;2,68;30,73%;0;2,05;1,99%;0;2,01;0%;0;0;0,00%;0;0;0,00%;0;0;0,00%;0;0;0
ROIC  (%);0;0,00%;0;0;0,00%;0;0;0,00%;0;0;0,00%;0;0;0,00%;0;0;0,00%;0;0;0,00%;0;0;0,00%;0;0;0,00%;0;1,9;0%;0;0;0,00%;0;2,27;4,61%;0;2,17;14,81%;0;1,89;0%;0;0;0,00%;0;1,1;23,60%;0;0,89;60,44%;0;2,25;0%;0;0;0,00%;0;1,01;36,49%;0;0,74;138,71%;0;0,31;0%;0;0;0,00%;0;1,67;306,17%;0;0,81;19,12%;0;0,68;0%;0;0;0,00%;0;1,09;0,00%;0;1,09;4,39%;0;1,14;0%;0;0;0,00%;0;1,58;20,61%;0;1,31;98,48%;0;0,66;0%;0;0;0,00%;0;1,06;27,89%;0;1,47;27,83%;0;1,15;0%;0;0;0,00%;0;1,57;19,49%;0;1,95;28,29%;0;1,52;0%;0;0;0,00%;0;0;0,00%;0;0;0,00%;0;0;0
Margem Bruta  (%);28,3;21,83%;0;23,23;18,95%;0;19,53;40,71%;0;13,88;69,06%;0;8,21;11,43%;0;9,27;30,56%;0;7,1;28,43%;0;9,92;20,83%;0;12,53;1,03%;0;12,66;5,85%;0;11,96;17,57%;0;14,51;6,14%;0;13,67;6,05%;0;12,89;21,72%;0;10,59;3,02%;0;10,28;0,59%;0;10,22;32,21%;0;7,73;27,77%;0;6,05;49,71%;0;12,03;13,81%;0;10,57;31,14%;0;8,06;7,04%;0;7,53;25,81%;0;10,15;7,56%;0;10,98;3,20%;0;10,64;10,21%;0;11,85;0,59%;0;11,92;1,49%;0;12,1;2,97%;0;12,47;4,66%;0;13,08;10,53%;0;14,62;7,66%;0;13,58;37,03%;0;9,91;12,53%;0;11,33;7,13%;0;12,2;14,57%;0;14,28;18,70%;0;12,03;9,21%;0;13,25;11,25%;0;14,93;4,17%;0;15,58;11,84%;0;13,93;14,56%;0;12,16;26,21%;0;16,48;24,65%;0;21,87;10,45%;0;19,8;0
Margem Ebitda  (%);31,14;25,41%;0;24,83;6,52%;0;23,31;45,69%;0;16;0,57%;0;15,91;43,98%;0;11,05;5,07%;0;11,64;3,96%;0;12,12;15,24%;0;14,3;4,16%;0;14,92;39,57%;0;10,69;21,57%;0;13,63;0,22%;0;13,6;0,29%;0;13,64;0%;0;0;0,00%;0;11,55;5,19%;0;10,98;46,47%;0;20,51;0%;0;0;0,00%;0;13,33;30,56%;0;10,21;16,69%;0;8,75;0%;0;0;0,00%;0;0;0,00%;0;11,01;5,66%;0;10,42;30,49%;0;14,99;31,03%;0;11,44;2,14%;0;11,2;1,15%;0;11,33;13,38%;0;13,08;2,90%;0;13,47;11,32%;0;12,1;37,81%;0;8,78;12,02%;0;9,98;5,13%;0;10,52;15,64%;0;12,47;13,78%;0;10,96;5,11%;0;11,55;14,76%;0;13,55;6,74%;0;14,53;10,24%;0;13,18;11,90%;0;14,96;3,17%;0;15,45;25,47%;0;20,73;5,18%;0;19,71;0
Margem Líquida  (%);20,57;36,04%;0;15,12;94,85%;0;7,76;19,38%;0;6,5;80,06%;0;3,61;50,42%;0;2,4;124,30%;0;1,07;63,23%;0;2,91;20,71%;0;3,67;18,63%;0;4,51;26,33%;0;3,57;42,05%;0;6,16;6,21%;0;5,8;34,26%;0;4,32;130,66%;0;14,09;1020,92%;0;1,53;84,34%;0;0,83;91,48%;0;9,74;127,31%;0;35,67;3372,48%;0;1,09;41,56%;0;0,77;450,00%;0;0,14;100,46%;0;30,33;84,71%;0;16,42;767,48%;0;2,46;3,91%;0;2,56;29,28%;0;3,62;47,76%;0;2,45;35,01%;0;3,77;9,59%;0;4,17;12,39%;0;4,76;22,09%;0;6,11;50,49%;0;4,06;133,33%;0;1,74;9,43%;0;1,59;61,78%;0;4,16;24,36%;0;5,5;27,61%;0;4,31;17,12%;0;5,2;34,59%;0;7,95;42,47%;0;5,58;13,88%;0;4,9;8,92%;0;5,38;27,69%;0;7,44;27,91%;0;10,32;28,04%;0;8,06;0
Dívida Líquida/Ebitda;0;0;0;0;0,00%;0;0;0,00%;0;0;0,00%;0;0;0,00%;0;0;0,00%;0;0;0,00%;0;0;0,00%;0;0;0,00%;0;0;0,00%;0;0;0,00%;0;0;0,00%;0;0;0,00%;0;0;0%;0;0;0,00%;0;0;0,00%;0;0;0,00%;0;0;0%;0;0;0,00%;0;0;0,00%;0;0;0,00%;0;0;0%;0;0;0,00%;0;0;0,00%;0;0;0,00%;0;0;0,00%;0;0;0,00%;0;0;0,00%;0;0;0,00%;0;0;0,00%;0;0;0,00%;0;0;0,00%;0;0;0,00%;0;0;0,00%;0;0;0,00%;0;0;0,00%;0;0;0,00%;0;0;0,00%;0;0;0,00%;0;0;0,00%;0;0;0,00%;0;0;0,00%;0;0;0,00%;0;0;0,00%;0;0;0,00%;0;0;0
